game_id,video_id,exposure_zone,exposure_time_seconds,average_box_area_pixels,video_url
22500055,Slm2bcNEtQ4,basket-logo,443.0,467.45,https://www.youtube.com/watch?v=Slm2bcNEtQ4
22500055,Slm2bcNEtQ4,back-court-logo,449.67,1952.26,https://www.youtube.com/watch?v=Slm2bcNEtQ4
22500055,Slm2bcNEtQ4,side-court-led-logo,280.0,3304.67,https://www.youtube.com/watch?v=Slm2bcNEtQ4
22500055,Slm2bcNEtQ4,side-court-logo,447.0,1087.69,https://www.youtube.com/watch?v=Slm2bcNEtQ4
22500055,Slm2bcNEtQ4,mid-court-logo,177.33,3574.24,https://www.youtube.com/watch?v=Slm2bcNEtQ4
22500055,wx7dYcJpYQ8,basket-logo,442.67,471.26,https://www.youtube.com/watch?v=wx7dYcJpYQ8
22500055,wx7dYcJpYQ8,back-court-logo,449.0,1976.21,https://www.youtube.com/watch?v=wx7dYcJpYQ8
22500055,wx7dYcJpYQ8,side-court-logo,438.33,1100.28,https://www.youtube.com/watch?v=wx7dYcJpYQ8
22500055,wx7dYcJpYQ8,side-court-led-logo,271.0,3042.92,https://www.youtube.com/watch?v=wx7dYcJpYQ8
22500055,wx7dYcJpYQ8,mid-court-logo,144.67,3628.52,https://www.youtube.com/watch?v=wx7dYcJpYQ8
22500053,xZPphKlIvhk,back-court-logo,484.67,3790.0,https://www.youtube.com/watch?v=xZPphKlIvhk
22500053,xZPphKlIvhk,basket-logo,476.0,531.45,https://www.youtube.com/watch?v=xZPphKlIvhk
22500053,xZPphKlIvhk,mid-court-logo,469.67,5320.61,https://www.youtube.com/watch?v=xZPphKlIvhk
22500053,xZPphKlIvhk,side-court-led-logo,188.33,2426.47,https://www.youtube.com/watch?v=xZPphKlIvhk
22500053,xZPphKlIvhk,side-court-logo,0.33,219.51,https://www.youtube.com/watch?v=xZPphKlIvhk
22500053,TZIB3bR3iXA,back-court-logo,484.33,3832.71,https://www.youtube.com/watch?v=TZIB3bR3iXA
22500053,TZIB3bR3iXA,basket-logo,476.67,532.55,https://www.youtube.com/watch?v=TZIB3bR3iXA
22500053,TZIB3bR3iXA,mid-court-logo,471.0,5328.0,https://www.youtube.com/watch?v=TZIB3bR3iXA
22500053,TZIB3bR3iXA,side-court-led-logo,187.0,2146.54,https://www.youtube.com/watch?v=TZIB3bR3iXA
22500053,TZIB3bR3iXA,side-court-logo,0.33,314.52,https://www.youtube.com/watch?v=TZIB3bR3iXA
22500050,qCZWwFr0pA0,side-court-led-logo,513.0,2011.28,https://www.youtube.com/watch?v=qCZWwFr0pA0
22500050,qCZWwFr0pA0,mid-court-logo,488.67,3725.93,https://www.youtube.com/watch?v=qCZWwFr0pA0
22500050,qCZWwFr0pA0,side-court-logo,394.67,1785.93,https://www.youtube.com/watch?v=qCZWwFr0pA0
22500050,qCZWwFr0pA0,back-court-logo,461.0,2801.2,https://www.youtube.com/watch?v=qCZWwFr0pA0
22500050,qCZWwFr0pA0,basket-logo,445.67,629.31,https://www.youtube.com/watch?v=qCZWwFr0pA0
22500265,55KMxwNup94,basket-logo,466.33,469.41,https://www.youtube.com/watch?v=55KMxwNup94
22500265,55KMxwNup94,back-court-logo,471.0,3567.2,https://www.youtube.com/watch?v=55KMxwNup94
22500265,55KMxwNup94,side-court-led-logo,434.67,6144.58,https://www.youtube.com/watch?v=55KMxwNup94
22500265,55KMxwNup94,side-court-logo,486.67,2089.25,https://www.youtube.com/watch?v=55KMxwNup94
22500265,55KMxwNup94,mid-court-logo,360.33,3811.39,https://www.youtube.com/watch?v=55KMxwNup94
22500265,DbrvD35xGBI,side-court-led-logo,440.0,3358.69,https://www.youtube.com/watch?v=DbrvD35xGBI
22500265,DbrvD35xGBI,side-court-logo,502.33,2024.52,https://www.youtube.com/watch?v=DbrvD35xGBI
22500265,DbrvD35xGBI,mid-court-logo,439.0,4031.63,https://www.youtube.com/watch?v=DbrvD35xGBI
22500265,DbrvD35xGBI,basket-logo,488.33,453.48,https://www.youtube.com/watch?v=DbrvD35xGBI
22500265,DbrvD35xGBI,back-court-logo,490.67,3454.26,https://www.youtube.com/watch?v=DbrvD35xGBI
22500265,qzGaqFokzv4,basket-logo,466.0,481.22,https://www.youtube.com/watch?v=qzGaqFokzv4
22500265,qzGaqFokzv4,back-court-logo,471.33,3626.35,https://www.youtube.com/watch?v=qzGaqFokzv4
22500265,qzGaqFokzv4,side-court-led-logo,434.33,6305.25,https://www.youtube.com/watch?v=qzGaqFokzv4
22500265,qzGaqFokzv4,side-court-logo,484.33,2121.2,https://www.youtube.com/watch?v=qzGaqFokzv4
22500265,qzGaqFokzv4,mid-court-logo,360.33,3968.17,https://www.youtube.com/watch?v=qzGaqFokzv4
22500049,qSBc8l9PaNc,side-court-led-logo,500.33,2158.87,https://www.youtube.com/watch?v=qSBc8l9PaNc
22500049,qSBc8l9PaNc,back-court-logo,327.0,2773.08,https://www.youtube.com/watch?v=qSBc8l9PaNc
22500049,qSBc8l9PaNc,mid-court-logo,362.0,1724.99,https://www.youtube.com/watch?v=qSBc8l9PaNc
22500049,qSBc8l9PaNc,side-court-logo,318.67,2090.51,https://www.youtube.com/watch?v=qSBc8l9PaNc
22500049,qSBc8l9PaNc,basket-logo,463.67,534.67,https://www.youtube.com/watch?v=qSBc8l9PaNc
22500049,ML9M5PvwKD4,side-court-led-logo,543.67,4049.67,https://www.youtube.com/watch?v=ML9M5PvwKD4
22500049,ML9M5PvwKD4,mid-court-logo,153.33,3078.27,https://www.youtube.com/watch?v=ML9M5PvwKD4
22500049,ML9M5PvwKD4,side-court-logo,251.33,3476.61,https://www.youtube.com/watch?v=ML9M5PvwKD4
22500049,ML9M5PvwKD4,back-court-logo,285.67,6276.12,https://www.youtube.com/watch?v=ML9M5PvwKD4
22500049,ML9M5PvwKD4,basket-logo,466.33,846.22,https://www.youtube.com/watch?v=ML9M5PvwKD4
22500052,HwlS8jVFNiA,basket-logo,435.33,532.05,https://www.youtube.com/watch?v=HwlS8jVFNiA
22500052,HwlS8jVFNiA,side-court-led-logo,374.0,5070.56,https://www.youtube.com/watch?v=HwlS8jVFNiA
22500052,HwlS8jVFNiA,mid-court-logo,47.33,3027.93,https://www.youtube.com/watch?v=HwlS8jVFNiA
22500052,HwlS8jVFNiA,back-court-logo,68.33,1398.92,https://www.youtube.com/watch?v=HwlS8jVFNiA
22500052,HwlS8jVFNiA,side-court-logo,20.67,751.57,https://www.youtube.com/watch?v=HwlS8jVFNiA
22500052,oygBSeFfMfs,side-court-led-logo,415.0,4882.38,https://www.youtube.com/watch?v=oygBSeFfMfs
22500052,oygBSeFfMfs,back-court-logo,97.33,1242.0,https://www.youtube.com/watch?v=oygBSeFfMfs
22500052,oygBSeFfMfs,basket-logo,441.67,526.92,https://www.youtube.com/watch?v=oygBSeFfMfs
22500052,oygBSeFfMfs,mid-court-logo,45.33,3320.25,https://www.youtube.com/watch?v=oygBSeFfMfs
22500052,oygBSeFfMfs,side-court-logo,10.33,851.58,https://www.youtube.com/watch?v=oygBSeFfMfs
22500052,pow0ViaREBM,basket-logo,435.0,544.77,https://www.youtube.com/watch?v=pow0ViaREBM
22500052,pow0ViaREBM,side-court-led-logo,377.0,5171.28,https://www.youtube.com/watch?v=pow0ViaREBM
22500052,pow0ViaREBM,mid-court-logo,48.0,3540.77,https://www.youtube.com/watch?v=pow0ViaREBM
22500052,pow0ViaREBM,side-court-logo,18.33,805.66,https://www.youtube.com/watch?v=pow0ViaREBM
22500052,pow0ViaREBM,back-court-logo,71.33,1382.76,https://www.youtube.com/watch?v=pow0ViaREBM
22500264,oDUSA7mBsds,side-court-led-logo,246.33,5719.37,https://www.youtube.com/watch?v=oDUSA7mBsds
22500264,oDUSA7mBsds,back-court-logo,426.33,3166.21,https://www.youtube.com/watch?v=oDUSA7mBsds
22500264,oDUSA7mBsds,side-court-logo,465.67,2257.35,https://www.youtube.com/watch?v=oDUSA7mBsds
22500264,oDUSA7mBsds,mid-court-logo,270.67,4008.13,https://www.youtube.com/watch?v=oDUSA7mBsds
22500264,oDUSA7mBsds,basket-logo,399.67,605.4,https://www.youtube.com/watch?v=oDUSA7mBsds
22500264,A9uYU0gQu0s,side-court-led-logo,304.33,3676.7,https://www.youtube.com/watch?v=A9uYU0gQu0s
22500264,A9uYU0gQu0s,mid-court-logo,316.0,4070.77,https://www.youtube.com/watch?v=A9uYU0gQu0s
22500264,A9uYU0gQu0s,side-court-logo,553.67,2232.17,https://www.youtube.com/watch?v=A9uYU0gQu0s
22500264,A9uYU0gQu0s,back-court-logo,491.0,3243.4,https://www.youtube.com/watch?v=A9uYU0gQu0s
22500264,A9uYU0gQu0s,basket-logo,455.0,591.92,https://www.youtube.com/watch?v=A9uYU0gQu0s
22500264,115CxDeLx-Y,side-court-led-logo,246.0,5733.17,https://www.youtube.com/watch?v=115CxDeLx-Y
22500264,115CxDeLx-Y,side-court-logo,469.33,2270.95,https://www.youtube.com/watch?v=115CxDeLx-Y
22500264,115CxDeLx-Y,mid-court-logo,277.33,4012.04,https://www.youtube.com/watch?v=115CxDeLx-Y
22500264,115CxDeLx-Y,back-court-logo,428.33,3208.46,https://www.youtube.com/watch?v=115CxDeLx-Y
22500264,115CxDeLx-Y,basket-logo,400.33,610.05,https://www.youtube.com/watch?v=115CxDeLx-Y
22500267,0Rf7SCccD5Y,basket-logo,481.33,547.19,https://www.youtube.com/watch?v=0Rf7SCccD5Y
22500267,0Rf7SCccD5Y,back-court-logo,480.33,2734.23,https://www.youtube.com/watch?v=0Rf7SCccD5Y
22500267,0Rf7SCccD5Y,side-court-logo,464.67,1620.04,https://www.youtube.com/watch?v=0Rf7SCccD5Y
22500267,0Rf7SCccD5Y,side-court-led-logo,505.33,6628.66,https://www.youtube.com/watch?v=0Rf7SCccD5Y
22500267,0Rf7SCccD5Y,mid-court-logo,401.0,5084.63,https://www.youtube.com/watch?v=0Rf7SCccD5Y
22500267,qePKOUY_rkQ,side-court-led-logo,505.67,6238.41,https://www.youtube.com/watch?v=qePKOUY_rkQ
22500267,qePKOUY_rkQ,basket-logo,476.33,523.42,https://www.youtube.com/watch?v=qePKOUY_rkQ
22500267,qePKOUY_rkQ,back-court-logo,479.33,2642.79,https://www.youtube.com/watch?v=qePKOUY_rkQ
22500267,qePKOUY_rkQ,mid-court-logo,414.33,4838.98,https://www.youtube.com/watch?v=qePKOUY_rkQ
22500267,qePKOUY_rkQ,side-court-logo,464.67,1528.64,https://www.youtube.com/watch?v=qePKOUY_rkQ
22500267,09LufmHeRRM,basket-logo,479.67,547.63,https://www.youtube.com/watch?v=09LufmHeRRM
22500267,09LufmHeRRM,back-court-logo,482.0,2785.49,https://www.youtube.com/watch?v=09LufmHeRRM
22500267,09LufmHeRRM,side-court-logo,458.0,1648.69,https://www.youtube.com/watch?v=09LufmHeRRM
22500267,09LufmHeRRM,side-court-led-logo,502.67,6689.36,https://www.youtube.com/watch?v=09LufmHeRRM
22500267,09LufmHeRRM,mid-court-logo,399.67,5063.91,https://www.youtube.com/watch?v=09LufmHeRRM
22500266,-uY2EAJ4Eoo,basket-logo,421.33,594.59,https://www.youtube.com/watch?v=-uY2EAJ4Eoo
22500266,-uY2EAJ4Eoo,back-court-logo,406.67,2638.53,https://www.youtube.com/watch?v=-uY2EAJ4Eoo
22500266,-uY2EAJ4Eoo,mid-court-logo,291.0,3580.57,https://www.youtube.com/watch?v=-uY2EAJ4Eoo
22500266,-uY2EAJ4Eoo,side-court-led-logo,386.67,2176.66,https://www.youtube.com/watch?v=-uY2EAJ4Eoo
22500266,-uY2EAJ4Eoo,side-court-logo,434.0,2115.15,https://www.youtube.com/watch?v=-uY2EAJ4Eoo
22500266,w23CCdmouy8,back-court-logo,442.67,2523.83,https://www.youtube.com/watch?v=w23CCdmouy8
22500266,w23CCdmouy8,side-court-led-logo,432.0,2101.22,https://www.youtube.com/watch?v=w23CCdmouy8
22500266,w23CCdmouy8,basket-logo,444.67,579.76,https://www.youtube.com/watch?v=w23CCdmouy8
22500266,w23CCdmouy8,mid-court-logo,351.67,3453.53,https://www.youtube.com/watch?v=w23CCdmouy8
22500266,w23CCdmouy8,side-court-logo,478.0,2101.09,https://www.youtube.com/watch?v=w23CCdmouy8
22500266,6lzsT0O63n4,basket-logo,418.67,605.81,https://www.youtube.com/watch?v=6lzsT0O63n4
22500266,6lzsT0O63n4,back-court-logo,403.33,2676.8,https://www.youtube.com/watch?v=6lzsT0O63n4
22500266,6lzsT0O63n4,mid-court-logo,290.67,3636.68,https://www.youtube.com/watch?v=6lzsT0O63n4
22500266,6lzsT0O63n4,side-court-led-logo,384.67,2331.28,https://www.youtube.com/watch?v=6lzsT0O63n4
22500266,6lzsT0O63n4,side-court-logo,431.33,2141.98,https://www.youtube.com/watch?v=6lzsT0O63n4
22500266,6gXGBf98R5M,back-court-logo,304.67,2556.27,https://www.youtube.com/watch?v=6gXGBf98R5M
22500266,6gXGBf98R5M,side-court-logo,337.67,2150.15,https://www.youtube.com/watch?v=6gXGBf98R5M
22500266,6gXGBf98R5M,side-court-led-logo,316.33,2225.9,https://www.youtube.com/watch?v=6gXGBf98R5M
22500266,6gXGBf98R5M,mid-court-logo,247.33,3523.17,https://www.youtube.com/watch?v=6gXGBf98R5M
22500266,6gXGBf98R5M,basket-logo,329.0,540.65,https://www.youtube.com/watch?v=6gXGBf98R5M
22500054,9hY_4aHdoOw,basket-logo,439.67,445.7,https://www.youtube.com/watch?v=9hY_4aHdoOw
22500054,9hY_4aHdoOw,mid-court-logo,317.33,3572.15,https://www.youtube.com/watch?v=9hY_4aHdoOw
22500054,9hY_4aHdoOw,side-court-led-logo,285.33,3702.14,https://www.youtube.com/watch?v=9hY_4aHdoOw
22500054,9hY_4aHdoOw,back-court-logo,417.0,2945.64,https://www.youtube.com/watch?v=9hY_4aHdoOw
22500054,9hY_4aHdoOw,side-court-logo,280.67,645.66,https://www.youtube.com/watch?v=9hY_4aHdoOw
22500054,bP1Vzlq5AaA,side-court-led-logo,371.33,3278.91,https://www.youtube.com/watch?v=bP1Vzlq5AaA
22500054,bP1Vzlq5AaA,basket-logo,570.67,437.94,https://www.youtube.com/watch?v=bP1Vzlq5AaA
22500054,bP1Vzlq5AaA,back-court-logo,539.33,2863.41,https://www.youtube.com/watch?v=bP1Vzlq5AaA
22500054,bP1Vzlq5AaA,mid-court-logo,395.0,3515.9,https://www.youtube.com/watch?v=bP1Vzlq5AaA
22500054,bP1Vzlq5AaA,side-court-logo,322.0,668.22,https://www.youtube.com/watch?v=bP1Vzlq5AaA
22500054,ru_F-Nym-SY,side-court-led-logo,346.67,3721.27,https://www.youtube.com/watch?v=ru_F-Nym-SY
22500054,ru_F-Nym-SY,side-court-logo,283.67,673.87,https://www.youtube.com/watch?v=ru_F-Nym-SY
22500054,ru_F-Nym-SY,mid-court-logo,360.67,3531.34,https://www.youtube.com/watch?v=ru_F-Nym-SY
22500054,ru_F-Nym-SY,basket-logo,471.67,434.38,https://www.youtube.com/watch?v=ru_F-Nym-SY
22500054,ru_F-Nym-SY,back-court-logo,444.33,2972.8,https://www.youtube.com/watch?v=ru_F-Nym-SY
22500054,chxI3OVlpKQ,basket-logo,446.67,446.66,https://www.youtube.com/watch?v=chxI3OVlpKQ
22500054,chxI3OVlpKQ,back-court-logo,435.67,3040.91,https://www.youtube.com/watch?v=chxI3OVlpKQ
22500054,chxI3OVlpKQ,mid-court-logo,316.0,3663.86,https://www.youtube.com/watch?v=chxI3OVlpKQ
22500054,chxI3OVlpKQ,side-court-led-logo,284.67,3794.12,https://www.youtube.com/watch?v=chxI3OVlpKQ
22500054,chxI3OVlpKQ,side-court-logo,254.67,690.86,https://www.youtube.com/watch?v=chxI3OVlpKQ
22500250,O1G7Yoy48L4,basket-logo,449.33,477.63,https://www.youtube.com/watch?v=O1G7Yoy48L4
22500250,O1G7Yoy48L4,back-court-logo,439.0,1518.4,https://www.youtube.com/watch?v=O1G7Yoy48L4
22500250,O1G7Yoy48L4,side-court-led-logo,334.67,3620.39,https://www.youtube.com/watch?v=O1G7Yoy48L4
22500250,O1G7Yoy48L4,side-court-logo,459.67,1770.73,https://www.youtube.com/watch?v=O1G7Yoy48L4
22500250,O1G7Yoy48L4,mid-court-logo,425.0,5417.91,https://www.youtube.com/watch?v=O1G7Yoy48L4
22500250,d3z93o50CAM,basket-logo,427.33,506.44,https://www.youtube.com/watch?v=d3z93o50CAM
22500250,d3z93o50CAM,side-court-led-logo,289.33,3385.13,https://www.youtube.com/watch?v=d3z93o50CAM
22500250,d3z93o50CAM,side-court-logo,435.67,1804.94,https://www.youtube.com/watch?v=d3z93o50CAM
22500250,d3z93o50CAM,mid-court-logo,368.0,5321.98,https://www.youtube.com/watch?v=d3z93o50CAM
22500250,d3z93o50CAM,back-court-logo,406.0,1583.09,https://www.youtube.com/watch?v=d3z93o50CAM
22500250,3VFE8EdRg2o,mid-court-logo,443.67,5272.52,https://www.youtube.com/watch?v=3VFE8EdRg2o
22500250,3VFE8EdRg2o,side-court-logo,482.0,1766.06,https://www.youtube.com/watch?v=3VFE8EdRg2o
22500250,3VFE8EdRg2o,side-court-led-logo,363.33,3700.69,https://www.youtube.com/watch?v=3VFE8EdRg2o
22500250,3VFE8EdRg2o,back-court-logo,453.0,1494.39,https://www.youtube.com/watch?v=3VFE8EdRg2o
22500250,3VFE8EdRg2o,basket-logo,458.0,483.69,https://www.youtube.com/watch?v=3VFE8EdRg2o
22500250,OiiesAUvKrg,basket-logo,455.0,474.28,https://www.youtube.com/watch?v=OiiesAUvKrg
22500250,OiiesAUvKrg,back-court-logo,442.0,1498.83,https://www.youtube.com/watch?v=OiiesAUvKrg
22500250,OiiesAUvKrg,side-court-led-logo,342.0,3195.09,https://www.youtube.com/watch?v=OiiesAUvKrg
22500250,OiiesAUvKrg,mid-court-logo,430.33,5383.34,https://www.youtube.com/watch?v=OiiesAUvKrg
22500250,OiiesAUvKrg,side-court-logo,472.67,1727.12,https://www.youtube.com/watch?v=OiiesAUvKrg
22500250,YZ6gwjT-yCk,mid-court-logo,444.67,5219.19,https://www.youtube.com/watch?v=YZ6gwjT-yCk
22500250,YZ6gwjT-yCk,side-court-logo,492.33,1740.63,https://www.youtube.com/watch?v=YZ6gwjT-yCk
22500250,YZ6gwjT-yCk,side-court-led-logo,364.33,3594.22,https://www.youtube.com/watch?v=YZ6gwjT-yCk
22500250,YZ6gwjT-yCk,back-court-logo,448.67,1462.7,https://www.youtube.com/watch?v=YZ6gwjT-yCk
22500250,YZ6gwjT-yCk,basket-logo,457.33,477.96,https://www.youtube.com/watch?v=YZ6gwjT-yCk
22500250,i_p86VNQckE,mid-court-logo,48.33,6290.96,https://www.youtube.com/watch?v=i_p86VNQckE
22500250,i_p86VNQckE,side-court-led-logo,76.0,5407.48,https://www.youtube.com/watch?v=i_p86VNQckE
22500250,i_p86VNQckE,side-court-logo,92.0,2457.72,https://www.youtube.com/watch?v=i_p86VNQckE
22500250,i_p86VNQckE,back-court-logo,62.33,3617.31,https://www.youtube.com/watch?v=i_p86VNQckE
22500250,i_p86VNQckE,basket-logo,66.67,900.7,https://www.youtube.com/watch?v=i_p86VNQckE
22500247,hrykKX3siyY,mid-court-logo,527.67,4448.44,https://www.youtube.com/watch?v=hrykKX3siyY
22500247,hrykKX3siyY,side-court-logo,493.67,2278.09,https://www.youtube.com/watch?v=hrykKX3siyY
22500247,hrykKX3siyY,side-court-led-logo,478.33,3158.78,https://www.youtube.com/watch?v=hrykKX3siyY
22500247,hrykKX3siyY,basket-logo,475.0,319.9,https://www.youtube.com/watch?v=hrykKX3siyY
22500247,hrykKX3siyY,back-court-logo,6.0,1723.6,https://www.youtube.com/watch?v=hrykKX3siyY
22500247,sWOaBXhQ__8,side-court-led-logo,476.0,3049.84,https://www.youtube.com/watch?v=sWOaBXhQ__8
22500247,sWOaBXhQ__8,basket-logo,483.33,318.1,https://www.youtube.com/watch?v=sWOaBXhQ__8
22500247,sWOaBXhQ__8,side-court-logo,489.67,2251.11,https://www.youtube.com/watch?v=sWOaBXhQ__8
22500247,sWOaBXhQ__8,mid-court-logo,522.0,4468.52,https://www.youtube.com/watch?v=sWOaBXhQ__8
22500247,sWOaBXhQ__8,back-court-logo,9.0,1837.37,https://www.youtube.com/watch?v=sWOaBXhQ__8
22500247,9ykoD58wXuc,mid-court-logo,529.67,4408.4,https://www.youtube.com/watch?v=9ykoD58wXuc
22500247,9ykoD58wXuc,side-court-logo,496.0,2249.56,https://www.youtube.com/watch?v=9ykoD58wXuc
22500247,9ykoD58wXuc,side-court-led-logo,481.0,3138.94,https://www.youtube.com/watch?v=9ykoD58wXuc
22500247,9ykoD58wXuc,basket-logo,474.67,309.24,https://www.youtube.com/watch?v=9ykoD58wXuc
22500247,9ykoD58wXuc,back-court-logo,7.0,1697.7,https://www.youtube.com/watch?v=9ykoD58wXuc
22500247,oKynUVPuj08,basket-logo,508.33,686.78,https://www.youtube.com/watch?v=oKynUVPuj08
22500247,oKynUVPuj08,side-court-logo,585.67,3790.06,https://www.youtube.com/watch?v=oKynUVPuj08
22500247,oKynUVPuj08,back-court-logo,7.67,4269.41,https://www.youtube.com/watch?v=oKynUVPuj08
22500247,oKynUVPuj08,mid-court-logo,154.0,4506.72,https://www.youtube.com/watch?v=oKynUVPuj08
22500247,oKynUVPuj08,side-court-led-logo,145.33,8507.1,https://www.youtube.com/watch?v=oKynUVPuj08
22500247,GhoeU86v3yQ,mid-court-logo,365.67,3003.59,https://www.youtube.com/watch?v=GhoeU86v3yQ
22500247,GhoeU86v3yQ,side-court-logo,474.33,2227.14,https://www.youtube.com/watch?v=GhoeU86v3yQ
22500247,GhoeU86v3yQ,side-court-led-logo,457.0,3074.78,https://www.youtube.com/watch?v=GhoeU86v3yQ
22500247,GhoeU86v3yQ,basket-logo,454.67,314.43,https://www.youtube.com/watch?v=GhoeU86v3yQ
22500247,GhoeU86v3yQ,back-court-logo,6.33,1802.23,https://www.youtube.com/watch?v=GhoeU86v3yQ
22500051,Q-HSTnmJ1yg,basket-logo,448.33,539.1,https://www.youtube.com/watch?v=Q-HSTnmJ1yg
22500051,Q-HSTnmJ1yg,back-court-logo,454.67,3476.03,https://www.youtube.com/watch?v=Q-HSTnmJ1yg
22500051,Q-HSTnmJ1yg,mid-court-logo,313.67,4809.03,https://www.youtube.com/watch?v=Q-HSTnmJ1yg
22500051,Q-HSTnmJ1yg,side-court-led-logo,334.67,4291.19,https://www.youtube.com/watch?v=Q-HSTnmJ1yg
22500051,Q-HSTnmJ1yg,side-court-logo,260.33,1993.7,https://www.youtube.com/watch?v=Q-HSTnmJ1yg
22500051,h60R4cADqWI,mid-court-logo,341.67,4894.61,https://www.youtube.com/watch?v=h60R4cADqWI
22500051,h60R4cADqWI,side-court-led-logo,363.0,4430.86,https://www.youtube.com/watch?v=h60R4cADqWI
22500051,h60R4cADqWI,side-court-logo,278.0,1993.4,https://www.youtube.com/watch?v=h60R4cADqWI
22500051,h60R4cADqWI,basket-logo,444.0,519.82,https://www.youtube.com/watch?v=h60R4cADqWI
22500051,h60R4cADqWI,back-court-logo,450.67,3363.85,https://www.youtube.com/watch?v=h60R4cADqWI
22500051,BGazxbtEKs8,basket-logo,450.0,539.36,https://www.youtube.com/watch?v=BGazxbtEKs8
22500051,BGazxbtEKs8,back-court-logo,457.0,3479.58,https://www.youtube.com/watch?v=BGazxbtEKs8
22500051,BGazxbtEKs8,side-court-led-logo,337.0,4498.32,https://www.youtube.com/watch?v=BGazxbtEKs8
22500051,BGazxbtEKs8,mid-court-logo,315.0,4771.19,https://www.youtube.com/watch?v=BGazxbtEKs8
22500051,BGazxbtEKs8,side-court-logo,260.0,2008.31,https://www.youtube.com/watch?v=BGazxbtEKs8
22500051,27ONHtNwROs,basket-logo,90.67,534.57,https://www.youtube.com/watch?v=27ONHtNwROs
22500051,27ONHtNwROs,back-court-logo,94.0,3461.35,https://www.youtube.com/watch?v=27ONHtNwROs
22500051,27ONHtNwROs,mid-court-logo,67.67,4830.89,https://www.youtube.com/watch?v=27ONHtNwROs
22500051,27ONHtNwROs,side-court-led-logo,68.0,3662.47,https://www.youtube.com/watch?v=27ONHtNwROs
22500051,27ONHtNwROs,side-court-logo,54.67,1967.87,https://www.youtube.com/watch?v=27ONHtNwROs
22500244,uGTSxXKbnF4,basket-logo,618.33,454.54,https://www.youtube.com/watch?v=uGTSxXKbnF4
22500244,uGTSxXKbnF4,mid-court-logo,646.33,5805.43,https://www.youtube.com/watch?v=uGTSxXKbnF4
22500244,uGTSxXKbnF4,back-court-logo,614.33,2379.42,https://www.youtube.com/watch?v=uGTSxXKbnF4
22500244,uGTSxXKbnF4,side-court-logo,660.67,2033.73,https://www.youtube.com/watch?v=uGTSxXKbnF4
22500244,uGTSxXKbnF4,side-court-led-logo,223.33,1850.5,https://www.youtube.com/watch?v=uGTSxXKbnF4
22500244,bIdEKiCvqoo,side-court-led-logo,178.33,1843.52,https://www.youtube.com/watch?v=bIdEKiCvqoo
22500244,bIdEKiCvqoo,basket-logo,505.0,452.04,https://www.youtube.com/watch?v=bIdEKiCvqoo
22500244,bIdEKiCvqoo,mid-court-logo,531.33,5575.92,https://www.youtube.com/watch?v=bIdEKiCvqoo
22500244,bIdEKiCvqoo,back-court-logo,499.33,2343.25,https://www.youtube.com/watch?v=bIdEKiCvqoo
22500244,bIdEKiCvqoo,side-court-logo,528.33,1996.85,https://www.youtube.com/watch?v=bIdEKiCvqoo
22500244,Vf9mDqEYfzg,mid-court-logo,478.0,5993.7,https://www.youtube.com/watch?v=Vf9mDqEYfzg
22500244,Vf9mDqEYfzg,back-court-logo,471.67,2438.54,https://www.youtube.com/watch?v=Vf9mDqEYfzg
22500244,Vf9mDqEYfzg,side-court-logo,517.0,1998.77,https://www.youtube.com/watch?v=Vf9mDqEYfzg
22500244,Vf9mDqEYfzg,side-court-led-logo,214.33,1954.67,https://www.youtube.com/watch?v=Vf9mDqEYfzg
22500244,Vf9mDqEYfzg,basket-logo,468.33,453.45,https://www.youtube.com/watch?v=Vf9mDqEYfzg
22500244,PTigfvan60M,basket-logo,118.0,1076.26,https://www.youtube.com/watch?v=PTigfvan60M
22500244,PTigfvan60M,mid-court-logo,42.67,15529.83,https://www.youtube.com/watch?v=PTigfvan60M
22500244,PTigfvan60M,side-court-logo,69.67,4560.41,https://www.youtube.com/watch?v=PTigfvan60M
22500244,PTigfvan60M,back-court-logo,96.33,8984.62,https://www.youtube.com/watch?v=PTigfvan60M
22500244,PTigfvan60M,side-court-led-logo,29.33,10381.23,https://www.youtube.com/watch?v=PTigfvan60M
22500244,ga1l4tqlNsI,side-court-led-logo,58.67,3823.47,https://www.youtube.com/watch?v=ga1l4tqlNsI
22500244,ga1l4tqlNsI,mid-court-logo,80.67,6206.5,https://www.youtube.com/watch?v=ga1l4tqlNsI
22500244,ga1l4tqlNsI,side-court-logo,121.33,2760.93,https://www.youtube.com/watch?v=ga1l4tqlNsI
22500244,ga1l4tqlNsI,back-court-logo,139.67,4679.57,https://www.youtube.com/watch?v=ga1l4tqlNsI
22500244,ga1l4tqlNsI,basket-logo,145.0,787.89,https://www.youtube.com/watch?v=ga1l4tqlNsI
22500251,ne9FS3xXQ-k,side-court-led-logo,474.67,1917.98,https://www.youtube.com/watch?v=ne9FS3xXQ-k
22500251,ne9FS3xXQ-k,basket-logo,442.67,447.09,https://www.youtube.com/watch?v=ne9FS3xXQ-k
22500251,ne9FS3xXQ-k,back-court-logo,435.33,2809.79,https://www.youtube.com/watch?v=ne9FS3xXQ-k
22500251,ne9FS3xXQ-k,mid-court-logo,457.0,2976.04,https://www.youtube.com/watch?v=ne9FS3xXQ-k
22500251,ne9FS3xXQ-k,side-court-logo,349.67,2014.28,https://www.youtube.com/watch?v=ne9FS3xXQ-k
22500251,R43o7gcue-8,basket-logo,463.67,454.87,https://www.youtube.com/watch?v=R43o7gcue-8
22500251,R43o7gcue-8,side-court-led-logo,488.67,2083.71,https://www.youtube.com/watch?v=R43o7gcue-8
22500251,R43o7gcue-8,mid-court-logo,470.0,2821.1,https://www.youtube.com/watch?v=R43o7gcue-8
22500251,R43o7gcue-8,back-court-logo,451.33,2947.33,https://www.youtube.com/watch?v=R43o7gcue-8
22500251,R43o7gcue-8,side-court-logo,348.0,2064.66,https://www.youtube.com/watch?v=R43o7gcue-8
22500251,mCaijvTwzfk,mid-court-logo,453.67,2920.91,https://www.youtube.com/watch?v=mCaijvTwzfk
22500251,mCaijvTwzfk,basket-logo,444.33,448.32,https://www.youtube.com/watch?v=mCaijvTwzfk
22500251,mCaijvTwzfk,side-court-led-logo,469.0,2127.88,https://www.youtube.com/watch?v=mCaijvTwzfk
22500251,mCaijvTwzfk,side-court-logo,338.67,2027.18,https://www.youtube.com/watch?v=mCaijvTwzfk
22500251,mCaijvTwzfk,back-court-logo,428.0,2862.48,https://www.youtube.com/watch?v=mCaijvTwzfk
22500251,aYfdxmCyx5Y,basket-logo,134.0,726.54,https://www.youtube.com/watch?v=aYfdxmCyx5Y
22500251,aYfdxmCyx5Y,mid-court-logo,143.0,4640.75,https://www.youtube.com/watch?v=aYfdxmCyx5Y
22500251,aYfdxmCyx5Y,side-court-led-logo,186.0,3270.27,https://www.youtube.com/watch?v=aYfdxmCyx5Y
22500251,aYfdxmCyx5Y,side-court-logo,99.67,2220.08,https://www.youtube.com/watch?v=aYfdxmCyx5Y
22500251,aYfdxmCyx5Y,back-court-logo,81.67,5150.38,https://www.youtube.com/watch?v=aYfdxmCyx5Y
22500251,mHpBRgIWlRM,basket-logo,404.0,448.89,https://www.youtube.com/watch?v=mHpBRgIWlRM
22500251,mHpBRgIWlRM,mid-court-logo,409.33,2697.3,https://www.youtube.com/watch?v=mHpBRgIWlRM
22500251,mHpBRgIWlRM,side-court-led-logo,419.0,1978.3,https://www.youtube.com/watch?v=mHpBRgIWlRM
22500251,mHpBRgIWlRM,side-court-logo,294.33,2015.57,https://www.youtube.com/watch?v=mHpBRgIWlRM
22500251,mHpBRgIWlRM,back-court-logo,396.0,2884.93,https://www.youtube.com/watch?v=mHpBRgIWlRM
22500251,Rxx61vfQ8Os,side-court-led-logo,104.0,2682.68,https://www.youtube.com/watch?v=Rxx61vfQ8Os
22500251,Rxx61vfQ8Os,mid-court-logo,104.0,3296.03,https://www.youtube.com/watch?v=Rxx61vfQ8Os
22500251,Rxx61vfQ8Os,side-court-logo,73.0,1875.2,https://www.youtube.com/watch?v=Rxx61vfQ8Os
22500251,Rxx61vfQ8Os,back-court-logo,87.67,2747.23,https://www.youtube.com/watch?v=Rxx61vfQ8Os
22500251,Rxx61vfQ8Os,basket-logo,103.33,425.53,https://www.youtube.com/watch?v=Rxx61vfQ8Os
22500251,AqVJkmzibMc,side-court-led-logo,288.33,1975.06,https://www.youtube.com/watch?v=AqVJkmzibMc
22500251,AqVJkmzibMc,mid-court-logo,255.33,2785.71,https://www.youtube.com/watch?v=AqVJkmzibMc
22500251,AqVJkmzibMc,side-court-logo,212.33,2025.41,https://www.youtube.com/watch?v=AqVJkmzibMc
22500251,AqVJkmzibMc,back-court-logo,269.33,2770.9,https://www.youtube.com/watch?v=AqVJkmzibMc
22500251,AqVJkmzibMc,basket-logo,279.67,448.03,https://www.youtube.com/watch?v=AqVJkmzibMc
22500241,FYcwiLb13yA,side-court-led-logo,523.33,1809.13,https://www.youtube.com/watch?v=FYcwiLb13yA
22500241,FYcwiLb13yA,basket-logo,502.33,380.13,https://www.youtube.com/watch?v=FYcwiLb13yA
22500241,FYcwiLb13yA,back-court-logo,107.33,2015.61,https://www.youtube.com/watch?v=FYcwiLb13yA
22500241,FYcwiLb13yA,mid-court-logo,226.0,4250.54,https://www.youtube.com/watch?v=FYcwiLb13yA
22500241,FYcwiLb13yA,side-court-logo,0.33,316.42,https://www.youtube.com/watch?v=FYcwiLb13yA
22500241,t0TkWNnnArU,side-court-led-logo,460.33,2110.05,https://www.youtube.com/watch?v=t0TkWNnnArU
22500241,t0TkWNnnArU,mid-court-logo,253.67,4168.26,https://www.youtube.com/watch?v=t0TkWNnnArU
22500241,t0TkWNnnArU,basket-logo,417.0,388.89,https://www.youtube.com/watch?v=t0TkWNnnArU
22500241,t0TkWNnnArU,back-court-logo,186.67,2126.38,https://www.youtube.com/watch?v=t0TkWNnnArU
22500241,t0TkWNnnArU,side-court-logo,3.33,776.41,https://www.youtube.com/watch?v=t0TkWNnnArU
22500241,De05mJXCzH4,mid-court-logo,28.0,2916.54,https://www.youtube.com/watch?v=De05mJXCzH4
22500241,De05mJXCzH4,side-court-led-logo,154.67,3410.33,https://www.youtube.com/watch?v=De05mJXCzH4
22500241,De05mJXCzH4,basket-logo,118.33,770.73,https://www.youtube.com/watch?v=De05mJXCzH4
22500241,De05mJXCzH4,side-court-logo,4.0,1050.92,https://www.youtube.com/watch?v=De05mJXCzH4
22500241,De05mJXCzH4,back-court-logo,14.33,2983.47,https://www.youtube.com/watch?v=De05mJXCzH4
22500241,RebEKNux6Q8,side-court-led-logo,464.0,2121.17,https://www.youtube.com/watch?v=RebEKNux6Q8
22500241,RebEKNux6Q8,mid-court-logo,282.67,3978.42,https://www.youtube.com/watch?v=RebEKNux6Q8
22500241,RebEKNux6Q8,basket-logo,417.0,384.89,https://www.youtube.com/watch?v=RebEKNux6Q8
22500241,RebEKNux6Q8,back-court-logo,209.0,2100.32,https://www.youtube.com/watch?v=RebEKNux6Q8
22500241,RebEKNux6Q8,side-court-logo,3.0,775.02,https://www.youtube.com/watch?v=RebEKNux6Q8
22500241,uwO8l5PK6TY,basket-logo,447.67,391.58,https://www.youtube.com/watch?v=uwO8l5PK6TY
22500241,uwO8l5PK6TY,side-court-led-logo,489.67,1897.76,https://www.youtube.com/watch?v=uwO8l5PK6TY
22500241,uwO8l5PK6TY,mid-court-logo,275.67,3966.94,https://www.youtube.com/watch?v=uwO8l5PK6TY
22500241,uwO8l5PK6TY,back-court-logo,187.0,2224.97,https://www.youtube.com/watch?v=uwO8l5PK6TY
22500241,uwO8l5PK6TY,side-court-logo,2.67,1043.08,https://www.youtube.com/watch?v=uwO8l5PK6TY
22500248,6B8CSUezAe0,side-court-led-logo,530.67,2232.75,https://www.youtube.com/watch?v=6B8CSUezAe0
22500248,6B8CSUezAe0,basket-logo,490.0,485.61,https://www.youtube.com/watch?v=6B8CSUezAe0
22500248,6B8CSUezAe0,back-court-logo,498.67,5340.5,https://www.youtube.com/watch?v=6B8CSUezAe0
22500248,6B8CSUezAe0,mid-court-logo,468.33,2468.49,https://www.youtube.com/watch?v=6B8CSUezAe0
22500248,6B8CSUezAe0,side-court-logo,483.67,2361.14,https://www.youtube.com/watch?v=6B8CSUezAe0
22500248,wgE85ARs1vU,side-court-led-logo,606.67,2364.71,https://www.youtube.com/watch?v=wgE85ARs1vU
22500248,wgE85ARs1vU,mid-court-logo,529.33,2470.4,https://www.youtube.com/watch?v=wgE85ARs1vU
22500248,wgE85ARs1vU,back-court-logo,577.67,5543.45,https://www.youtube.com/watch?v=wgE85ARs1vU
22500248,wgE85ARs1vU,side-court-logo,550.33,2453.49,https://www.youtube.com/watch?v=wgE85ARs1vU
22500248,wgE85ARs1vU,basket-logo,577.67,496.24,https://www.youtube.com/watch?v=wgE85ARs1vU
22500248,qX3BuH6Bfac,back-court-logo,519.0,5513.92,https://www.youtube.com/watch?v=qX3BuH6Bfac
22500248,qX3BuH6Bfac,basket-logo,519.0,497.69,https://www.youtube.com/watch?v=qX3BuH6Bfac
22500248,qX3BuH6Bfac,side-court-led-logo,547.33,2278.6,https://www.youtube.com/watch?v=qX3BuH6Bfac
22500248,qX3BuH6Bfac,mid-court-logo,470.67,2409.37,https://www.youtube.com/watch?v=qX3BuH6Bfac
22500248,qX3BuH6Bfac,side-court-logo,510.33,2370.1,https://www.youtube.com/watch?v=qX3BuH6Bfac
22500248,XJOqfZ-MmFE,side-court-logo,496.0,2301.95,https://www.youtube.com/watch?v=XJOqfZ-MmFE
22500248,XJOqfZ-MmFE,basket-logo,490.33,483.91,https://www.youtube.com/watch?v=XJOqfZ-MmFE
22500248,XJOqfZ-MmFE,side-court-led-logo,530.67,2222.22,https://www.youtube.com/watch?v=XJOqfZ-MmFE
22500248,XJOqfZ-MmFE,back-court-logo,497.67,5348.67,https://www.youtube.com/watch?v=XJOqfZ-MmFE
22500248,XJOqfZ-MmFE,mid-court-logo,472.33,2426.48,https://www.youtube.com/watch?v=XJOqfZ-MmFE
22500248,g_f8AxTt13E,side-court-led-logo,177.33,4134.89,https://www.youtube.com/watch?v=g_f8AxTt13E
22500248,g_f8AxTt13E,mid-court-logo,102.33,3465.47,https://www.youtube.com/watch?v=g_f8AxTt13E
22500248,g_f8AxTt13E,side-court-logo,139.33,3648.33,https://www.youtube.com/watch?v=g_f8AxTt13E
22500248,g_f8AxTt13E,back-court-logo,169.0,10478.02,https://www.youtube.com/watch?v=g_f8AxTt13E
22500248,g_f8AxTt13E,basket-logo,165.33,776.86,https://www.youtube.com/watch?v=g_f8AxTt13E
22500248,AfFEK5R8utY,side-court-led-logo,465.0,5023.44,https://www.youtube.com/watch?v=AfFEK5R8utY
22500248,AfFEK5R8utY,back-court-logo,473.33,12010.23,https://www.youtube.com/watch?v=AfFEK5R8utY
22500248,AfFEK5R8utY,basket-logo,505.0,821.41,https://www.youtube.com/watch?v=AfFEK5R8utY
22500248,AfFEK5R8utY,side-court-logo,487.67,4843.02,https://www.youtube.com/watch?v=AfFEK5R8utY
22500248,AfFEK5R8utY,mid-court-logo,166.0,2883.35,https://www.youtube.com/watch?v=AfFEK5R8utY
22500260,edrh9LZPyN8,basket-logo,444.67,347.52,https://www.youtube.com/watch?v=edrh9LZPyN8
22500260,edrh9LZPyN8,side-court-led-logo,387.33,3710.89,https://www.youtube.com/watch?v=edrh9LZPyN8
22500260,edrh9LZPyN8,mid-court-logo,471.67,4303.74,https://www.youtube.com/watch?v=edrh9LZPyN8
22500260,edrh9LZPyN8,side-court-logo,441.33,2548.54,https://www.youtube.com/watch?v=edrh9LZPyN8
22500260,edrh9LZPyN8,back-court-logo,6.67,2043.46,https://www.youtube.com/watch?v=edrh9LZPyN8
22500260,3CQdCRBwwFg,basket-logo,446.0,348.78,https://www.youtube.com/watch?v=3CQdCRBwwFg
22500260,3CQdCRBwwFg,side-court-led-logo,385.33,3536.78,https://www.youtube.com/watch?v=3CQdCRBwwFg
22500260,3CQdCRBwwFg,mid-court-logo,471.67,4316.44,https://www.youtube.com/watch?v=3CQdCRBwwFg
22500260,3CQdCRBwwFg,side-court-logo,446.33,2524.48,https://www.youtube.com/watch?v=3CQdCRBwwFg
22500260,3CQdCRBwwFg,back-court-logo,7.67,2035.27,https://www.youtube.com/watch?v=3CQdCRBwwFg
